Model,MAE,RMSE,R2
Linear Regression,8.07777621507789,9.070054506737984,0.6750999348222648
Decision Tree,12.444806195961682,14.42988907133795,0.17765133916581533
Random Forest,12.389640571678425,15.136575291214136,0.09513194689650539
ARIMA,27.490280568710176,32.15535080030875,-3.0835371254214134
