Model,MAE,RMSE,R2
Linear Regression Original,0.0335977726754265,0.05428450138038511,0.6479929792746055
Linear Regression Modified,0.02175358641091638,0.03910198393389115,0.8173594504394942
Decision Tree Original,0.05552546017842767,0.07959357176508909,0.24324446236061925
Decision Tree Modified,0.05473487605475996,0.07825098178321076,0.268559152901209
